Date,1,2,3,4,5,6,7,8
1998-02-28,0.017323690158639975,0.010394214095183985,0.0034647380317279954,0.048506332444191926,0.0,0.01733061963470343,0.027205123025128217,0.01733061963470343
1998-03-31,0.0121958478348676,0.00731750870092056,0.00243916956697352,0.034148373937629276,0.0,0.012200726174001546,0.019152359439876077,0.012200726174001546
1998-04-30,0.003197865655133025,0.001918719393079815,0.000639573131026605,0.008954023834372469,0.0,0.003199144801395078,0.0050219282248209025,0.003199144801395078
1998-05-31,-0.005192259272833225,-0.003115355563699935,-0.001038451854566645,-0.014538325963933028,0.0,-0.005194336176542358,-0.008153923962057297,-0.005194336176542358
1998-06-30,0.01064333198795225,0.00638599919277135,0.00212866639759045,0.0298013295662663,0.0,0.010647589320747431,0.016714288553880213,0.010647589320747431
1998-07-31,-0.0033784075233595,-0.0020270445140157,-0.0006756815046719001,-0.0094595410654066,0.0,-0.003379758886368844,-0.005305451174683759,-0.003379758886368844
1998-08-31,-0.03529483750962505,-0.02117690250577503,-0.007058967501925011,-0.09882554502695014,0.0,-0.0353089554446289,-0.05542701282511518,-0.0353089554446289
1998-09-30,0.015909858370433273,0.009545915022259963,0.003181971674086655,0.04454760343721316,0.0,0.015916222313781446,0.024984841584928412,0.015916222313781446
1998-10-31,0.020270178902246076,0.012162107341347645,0.004054035780449216,0.05675650092628901,0.0,0.020278286973806972,0.03183228894808724,0.020278286973806972
1998-11-30,0.013920533193948975,0.008352319916369385,0.002784106638789795,0.03897749294305713,0.0,0.013926101407226554,0.021860805327777472,0.013926101407226554
1998-12-31,0.0163555919423251,0.00981335516539506,0.00327111838846502,0.04579565743851027,0.0,0.01636213417910203,0.025684821586227338,0.01636213417910203
1999-01-31,0.008806237193656525,0.005283742316193915,0.001761247438731305,0.024657464142238267,0.0,0.008809759688533987,0.013829314888918207,0.008809759688533987
1999-02-28,-0.0080170930420481,-0.00481025582522886,-0.0016034186084096201,-0.02244786051773468,0.0,-0.00802029987926492,-0.012590042913232338,-0.00802029987926492
1999-03-31,0.010366936317128076,0.006220161790276845,0.0020733872634256154,0.02902742168795861,0.0,0.010371083091654926,0.01628023679241793,0.010371083091654926
1999-04-30,0.022120131539951654,0.0207049907107102,0.019289849881468736,0.026582390454425606,0.010315547447622034,0.009497508360931207,0.014908923560582134,0.011879851882321976
1999-05-31,-0.022365489115997568,-0.023220244111437176,-0.02407499910687679,-0.01600602736938121,-0.01360196034588503,-0.005718724921546057,-0.008977094778884375,-0.008860055255468697
1999-06-30,0.07082310442789236,0.0760360215274799,0.08124893862706745,0.038764423923147225,0.04655049612510373,0.013849974890255887,0.021741304046039432,0.024600666836007326
1999-07-31,-0.017240109634815363,-0.015927562649815173,-0.014615015664814983,-0.021714905203489048,-0.007748891487964546,-0.0077584254162751595,-0.012178959689842573,-0.00954800774605912
1999-08-31,0.027678348302511084,0.03366292416323759,0.0396475000239641,-0.0036255546558174295,0.023670548954133005,-0.0012953588848856274,-0.002033418225534176,0.004171280596438393
1999-09-30,-0.0011444543424886855,0.0019269056464307943,0.004998265635350274,-0.01563572256235045,0.003627177509881713,-0.005586420304062639,-0.008769406682826837,-0.004748734966907508
1999-10-31,0.06500143591438733,0.06783566578794613,0.07066989566150494,0.04485386193483069,0.040017532806483486,0.016025644099858793,0.025156608850877896,0.025267568535536272
1999-11-30,0.06663450466968997,0.07675633653352365,0.08687816839735733,0.011656611607640999,0.05103797886484067,0.004164740804387163,0.006537693881656937,0.01595180289788385
1999-12-31,0.14317209599387534,0.16178094058708684,0.18038978518029833,0.03997647917294619,0.10530460491987112,0.01428302491593406,0.022421093890426676,0.03860279510528074
2000-01-31,-0.022235085380583768,-0.019103193926340578,-0.01597130247209739,-0.034851124438013935,-0.007996819834069895,-0.012451808888496122,-0.019546502077663244,-0.014298649496826353
2000-02-29,0.09702297832433199,0.11757002812874602,0.13811707793316005,-0.01065829480428685,0.08237580900988968,-0.0038080564722173444,-0.005977780771661454,0.015216379788727157
2000-03-31,0.03788206881321821,0.030766773252021783,0.02365147769082535,0.06783999320678397,0.011154651732215833,0.024238260430023816,0.03804854476140484,0.026814392469796527
2000-04-30,-0.08017268284375492,-0.09013095309856234,-0.10008922335336974,-0.02458422480165757,-0.0583264092591986,-0.008783592318420796,-0.013788238081615374,-0.022253894687750728
2000-05-31,-0.06895726133915946,-0.07965418215476758,-0.09035110297037571,-0.0110057778352634,-0.05312552684968185,-0.003932207195141966,-0.006172669111606302,-0.016201381987216296
2000-06-30,0.07067259034159439,0.08111043517195012,0.09154828000230585,0.01377744733140552,0.05371820339329544,0.004922485110835029,0.007727179746156868,0.01732853670282012
2000-07-31,-0.02661433056490499,-0.02932503614656228,-0.03203574172821957,-0.01099142780446788,-0.01853633836762548,-0.003927080134139167,-0.006164620794334414,-0.008207989687863296
2000-08-31,0.08855738971474991,0.09565017381891504,0.10274295792308018,0.04573838945368238,0.059004216075955726,0.016341673146237093,0.02565270242787958,0.029968512886642575
2000-09-30,-0.08086211803264291,-0.08804504310124182,-0.09522796816984076,-0.03840362899788205,-0.0548574531985804,-0.013721068017671858,-0.021538949635097848,-0.02639022580025394
2000-10-31,-0.04325221835320212,-0.05072450581660858,-0.05819679328001504,-0.0032748286641070697,-0.03438072016163335,-0.001170049498418826,-0.0018367110478977652,-0.009110169628126297
2000-11-30,-0.1400900734198463,-0.15553552309347232,-0.17098097276709837,-0.052256965518897226,-0.09920346290063285,-0.018670667251823137,-0.029308692375312934,-0.04158139771386306
2000-12-31,-0.04009316427480556,-0.04688880061463788,-0.0536844369544702,-0.00365821047639229,-0.03168796983187089,-0.0013070263430653025,-0.0020517334757594475,-0.008625264179525093
2001-01-31,0.06490900595987936,0.07061291963629915,0.07631683331271893,0.03112151850307458,0.043948828378656636,0.011119273968027074,0.017454725949010114,0.021269118859171793
2001-02-28,-0.16273492839873793,-0.17940142198510448,-0.19606791557147102,-0.06677148547909832,-0.11346885038960935,-0.023856497883317847,-0.03744926457013429,-0.050061775109555576
2001-03-31,-0.10671715651658426,-0.118605505974193,-0.13049385543180175,-0.0392259398383083,-0.07574059879428521,-0.014014867933658436,-0.02200014854359977,-0.03150692308245409
2001-04-30,0.11612355524478266,0.1254594709748045,0.13479538670482635,0.059808001683290694,0.07742003615223018,0.02136854460141572,0.03354374494408561,0.03924846057190768
2001-05-31,-0.017709323238085294,-0.020225685685639393,-0.022742048133193492,-0.003924130238761529,-0.013323204245600313,-0.0014020356753060837,-0.0022008764739111096,-0.004478988156968974
2001-06-30,0.005536392589719427,0.010087930649997537,0.014639468710275648,-0.01668042486003614,0.00939012556615329,-0.005959677510707198,-0.009355335428643127,-0.003791057287577108
2001-07-31,-0.048242820529683664,-0.05584479576351205,-0.06344677099734043,-0.00713672596573748,-0.03733112753842597,-0.0025498502343299194,-0.004002683734497907,-0.01117135774897795
2001-08-31,-0.07994091159176281,-0.08629204265434358,-0.09264317371692435,-0.041533258810332443,-0.05319168473650895,-0.014839240040663063,-0.023294224869909314,-0.027123693790434184
2001-09-30,-0.13109536419966925,-0.14381687065482684,-0.15653837710998447,-0.05714098203991498,-0.09042990184123706,-0.020415656583118197,-0.032047927926958035,-0.04130016047254939
2001-10-31,0.09323494724926383,0.10891002013448758,0.12458509301971135,0.00911531111577499,0.07351153661177688,0.0032567704429361786,0.005112387348647516,0.02023403063041352
2001-11-30,0.1093901832504299,0.11855408080552124,0.12771797836061258,0.05458342095629745,0.07344342109079811,0.019501876544528562,0.030613501524917687,0.036463405664805264
2001-12-31,-0.00848096817075451,-0.010911229745827788,-0.013341491320901068,0.00394819579999194,-0.008080791503786574,0.0014106339565399775,0.002214373815824051,-0.00045559964710588266
2002-01-31,-0.007898669703582616,-0.007946820238813176,-0.007994970774043736,-0.006859526034362119,-0.004451598635946608,-0.002450810658848523,-0.003847214172986526,-0.003478893484702243
2002-02-28,-0.06958126963324411,-0.08007016943309281,-0.09055906923294149,-0.01255521857157974,-0.05318323562119348,-0.004485800235360133,-0.007041684016003152,-0.01676830268829165
2002-03-31,0.04409029776019253,0.047512745969737556,0.050935194179282585,0.02328964817272142,0.02922551168845623,0.008321058582853754,0.013062165532300614,0.015070599388501844
2002-04-30,-0.07817991006285901,-0.08437205498366832,-0.09056419990447763,-0.04070907613820355,-0.05199345888973593,-0.014544771345949581,-0.022831976131226735,-0.02655249857221654
2002-05-31,-0.029712532368864723,-0.03444539234862977,-0.03917825232839482,-0.00415366940163714,-0.023062624927966784,-0.001484046739070641,-0.002329615152975345,-0.0068102880619267114
2002-06-30,-0.08796574964206633,-0.09370081691555958,-0.09943588418905284,-0.051665288672803115,-0.05679151271611688,-0.018459269567240085,-0.028976846189917863,-0.031575092365419506
2002-07-31,-0.0653947440854451,-0.06613347933512567,-0.06687221458480623,-0.055173862927559804,-0.03732769884202172,-0.019712833025975297,-0.03094465512194283,-0.028333548693878698
2002-08-31,-0.006299425792957652,-0.008489016680472621,-0.01067860756798759,0.004761261714884849,-0.006535748082161049,0.013648066230803047,0.012891715884646163,0.006625533558691937
2002-09-30,-0.0887122341320648,-0.09001928621063461,-0.09132633828920442,-0.07339666753968128,-0.05106061699261009,-0.016994043793237622,-0.03326861627669759,-0.033045465146154376
2002-10-31,0.11853927523629419,0.1287954611523393,0.1390516470683844,0.05759877297035715,0.08003824029671053,0.01257366736816926,0.025455448238676476,0.0347525509339238
2002-11-30,0.08385613459525015,0.09060053962766061,0.09734494466007107,0.043176348136451596,0.05591092913759954,0.013441136980314123,0.022517342341678154,0.027269676381421096
2002-12-31,-0.07819371642723971,-0.08462188920201191,-0.09105006197678411,-0.039598821159824216,-0.05232868748934065,-0.004341779880926903,-0.013819385658531413,-0.020952221625807305
2003-01-31,-0.004626440803088218,-0.001879700260571178,0.0008670402819458618,-0.01721655894217945,0.0012437150891506377,-0.0073988489803997895,-0.010723443326673437,-0.006535881546149289
2003-02-28,0.012244084878030796,0.016537854628726124,0.020831624379421456,-0.009434649180074509,0.012756018599121831,0.003341194358637034,0.0004510840237292625,0.003189759884726454
2003-03-31,0.002431124647952689,0.002574959099827179,0.002718793551701669,0.00149764286809298,0.001549202265022628,-0.002422475881630563,-0.0016904103071858105,-0.0006998736744873031
2003-04-30,0.067331041310826,0.0675826502379787,0.06783425916513142,0.059228538202361077,0.03772654814260316,0.023433227511409933,0.035162340403079896,0.03109773272366726
2003-05-31,0.058889364069134906,0.061930294722833054,0.0649712253765312,0.03838551554253115,0.03691141291610726,0.027409285282189985,0.033245427999743206,0.029614207601601467
2003-06-30,0.005509473101330913,0.004981542485385843,0.0044536118694407725,0.00745545353344596,0.002325790975789419,-0.0012514005182206818,0.0008318151589657994,0.0010924376522849378
2003-07-31,0.037244577154364335,0.04161879096554491,0.045993004776725493,0.01261906508791677,0.026746138921080426,-0.017119734526054482,-0.011426869863907174,-0.0009620190000095823
2003-08-31,0.03165622256717532,0.034593590038536536,0.03753095750989775,0.014438105741375117,0.021649800845301836,0.007987582858291195,0.010518142051641442,0.011682020511780486
2003-09-30,-0.018123218778477883,-0.019937675152641093,-0.021752131526804303,-0.007634128201011549,-0.012578849687323845,0.010131989220075396,0.006720473615083487,0.0012926772204359055
2003-10-31,0.058501907208669275,0.061662514031526464,0.06482312085438365,0.03746856888880553,0.03686241372704706,0.00681833954220027,0.01539464021429474,0.018362814964012063
2003-11-30,0.005743605521498394,0.0052200795600295235,0.0046965535985606524,0.0076446220283312594,0.0024618773557932724,0.0034670102095042486,0.004916973413589982,0.0036960733548796385
2003-12-31,0.02897009722195087,0.027031559030260513,0.02509302083857015,0.035219288136585696,0.013391775005897324,0.015494505863868345,0.022243661084377458,0.017243890143962784
2004-01-31,0.013810109024640176,0.013506190123080275,0.013202271221520375,0.013839250566711989,0.00724459614965462,0.008976611103468158,0.011211501346392757,0.0087890706000317
2004-02-29,-0.0037561518571441444,-0.006462044989310424,-0.009167938121476704,0.0094994323337641,-0.0058404398329659135,0.008339035191939341,0.009558592353176534,0.004708236251244841
2004-03-31,-0.013891279223500428,-0.014562883511464328,-0.015234487799428226,-0.00927210711295414,-0.008643507109611034,-0.00025500792516491193,-0.0025842081745881575,-0.003662266542821972
2004-04-30,-0.020553356973422636,-0.02164676361866972,-0.02274017026391681,-0.01324462977888351,-0.012927200337143558,-0.018244145524932098,-0.01898870555970161,-0.014994280572401056
2004-05-31,0.03141354071373015,0.03482063137602483,0.038227722038319506,0.011986118131407488,0.022166972783306597,0.0037232129988967457,0.006244022712724405,0.009100684598968005
2004-06-30,0.021880920361836767,0.023286532967799735,0.024692145573762706,0.01295105318610656,0.014097454054654148,0.006910155143227053,0.00921687485720507,0.009112420809388852
2004-07-31,-0.048078383177719765,-0.05240814292162657,-0.05673790266553338,-0.02255315330065329,-0.03269859594709202,-0.004739132129738084,-0.00980967314510317,-0.013822283310079925
2004-08-31,-0.012606884833670656,-0.015344040442230953,-0.018081196050791254,0.00170516400537084,-0.01079711805031528,0.009636405381309356,0.008679649113893746,0.0029770972187181774
2004-09-30,0.019958052634322047,0.022246574721162236,0.024535096808002425,0.0070259229510876,0.014255335832905065,0.0045675457303153266,0.005700670231131042,0.006910401538789746
2004-10-31,0.029766020927438786,0.03348599023443158,0.03720595954142436,0.009019395538799869,0.021686607482564985,0.007046696230527791,0.008330423343571083,0.01029040901180519
2004-11-30,0.043015988829865306,0.04458061829146085,0.0461452477530564,0.031162072921007977,0.02605081353270367,0.005942317167549434,0.013035873829403338,0.014354354910667777
2004-12-31,0.017112296449575612,0.020048059244049385,0.02298382203852315,0.01230797904212496,-0.003501145757697166,0.006024902196878189,0.011956986775897991,0.009313941682353048
2005-01-31,-0.0469979424230611,-0.04746120105538216,-0.047924459687703216,-0.026516183195392028,-0.04778695702698064,-0.00683844986825841,-0.00810214130140594,-0.013112292808259462
2005-02-28,0.009501363167420049,0.0038269066115114493,-0.001847549944397151,0.02394111796886969,0.015508894878526606,0.009748410349189933,0.010566138531003806,0.007636471017413022
2005-03-31,-0.017417409629375324,-0.015703438510806723,-0.013989467392238124,-0.01769826124620582,-0.016809937878798153,-0.00961363773258009,-0.010699816728409212,-0.00927424197139251
2005-04-30,-0.02500420605012513,-0.02871628593393963,-0.03242836581775413,-0.009401206634286329,-0.011808143758000836,0.006765840632050432,0.0018404583613109413,-0.002684821387212776
2005-05-31,0.04639834813667984,0.05595966503221902,0.0655209819277582,0.01079243927556684,0.016138077598031292,0.0051135419969988855,0.012037163685909496,0.014759656621299822
2005-06-30,-0.00778686173914935,-0.01556065212762278,-0.02333444251609621,0.01395335550371567,0.009972428861650668,0.01574969469094986,0.011656382228594234,0.0059625838425191105
2005-07-31,0.046773658542749626,0.05198762582201308,0.05720159310127654,0.022501346496273215,0.024871207492682436,-0.0013035975814161445,0.006412883103661867,0.011117281930252939
2005-08-31,-0.0073982927100155315,-0.009331286090193574,-0.011264279470371612,-0.00249875384044385,0.0011160097974770604,0.008554948304997236,0.004986343734082834,0.0022079742748458446
2005-09-30,0.025261087946509705,0.018086269635832455,0.010911451325155204,0.028428993946249318,0.048444980063687824,0.013073166503433617,0.008922549330827933,0.010313831924834366
2005-10-31,-0.015250481164375813,-0.013738190915718092,-0.012225900667060372,-0.01848276847078289,-0.010116557520609326,-0.012367392274185242,-0.014493417630406766,-0.010979314848907322
2005-11-30,0.05610531266494702,0.051988365877584125,0.04787141909022123,0.048223617291687886,0.059394634859742654,0.026948541911137568,0.028078682634432375,0.02653652895308977
2005-12-31,0.0012197899804186358,-0.005416005382804613,-0.012051800746027862,0.01381341849422339,0.020947756119103853,0.01853407043334865,0.013060155643983959,0.00872537152045485
2006-01-31,0.04869500770485283,0.040301893161203396,0.031908778617553965,0.046588913874961724,0.07331921690583759,0.027772626128157455,0.023225813057531124,0.023119299126069935
2006-02-28,-0.012370448062924436,-0.013974713426899776,-0.015578978790875114,0.0006741661897295896,-0.015578670652594693,0.0010716913219455258,0.002479599026456492,-0.0010680487335065145
2006-03-31,0.023173600126271964,0.019993814085949274,0.01681402804562658,0.02241404109189462,0.02958237228498639,0.0032212264386724636,0.003944128091531267,0.006261835951426432
2006-04-30,0.02861494107694044,0.015129944503514422,0.001644947930088404,0.0449354498923064,0.0673894701325814,0.027091861428736718,0.019587266236673305,0.01762246875129059
2006-05-31,-0.04880987919519467,-0.05171669500477721,-0.05462351081435975,-0.02504849963073682,-0.03884132860380723,-0.011230133200707683,-0.014346213619169745,-0.016958214607260644
2006-06-30,-0.009949571463717723,-0.005601259579330662,-0.0012529476949436021,-0.012186078206323381,-0.02674945007692289,-0.00840089261354121,-0.004451209064152797,-0.004970029299150559
2006-07-31,-0.014775466572391815,-0.02268279584837324,-0.030590125124354658,0.01259089617445556,-0.0007791699542962112,0.013640703275223048,0.010938254416177979,0.004017900503632967
2006-08-31,0.02771085002467425,0.03167695716163046,0.035643064298586664,0.011143235916186059,0.012847765383074645,0.008657288246499457,0.011974359552144575,0.011749551784853988
2006-09-30,0.02138029438782566,0.027846854504503644,0.034313414621181614,0.0053198098484154,-0.0055800111632988425,-0.00034697318448354,0.00672690052789452,0.006904735102163592
2006-10-31,0.03589100422793234,0.03619243658447136,0.036493868941010386,0.025945647024610267,0.027899424764078674,0.012934371450630474,0.016066349060852667,0.015540784316682396
2006-11-30,0.03830027904951121,0.0328515280413686,0.027402777033225988,0.03458687491412246,0.05390821024850617,0.0270943736398778,0.023384262695777914,0.021326015265431222
2006-12-31,-0.010646495345409429,-0.01202988779223931,-0.01341328023906919,0.0038623798978183587,-0.01852601254229859,-0.007051246163953423,-0.0027535136452543373,-0.004401806986304763
2007-01-31,0.020573395403944574,0.018614973830232643,0.016656552256520712,0.01821680886720131,0.02366134049858752,0.007973766974532216,0.008262846442893958,0.008514551344915584
2007-02-28,-0.008204483142579572,-0.010466997006110843,-0.012729510869642113,-0.006096809985603139,0.007160189267943457,0.008762227973323223,0.0027553739894448127,0.0011489987068377633
2007-03-31,0.003229772237083575,0.0037087449104068054,0.0041877175837300344,0.0047731352621055295,-0.004039130720862769,-0.003552039950719813,-0.0004278006799467442,-0.00021390263839492283
2007-04-30,0.045178261009827206,0.04427753370963319,0.04337680640943918,0.03716753043432614,0.035815256050746605,0.0181423500787926,0.022435985130749334,0.020766254756644013
2007-05-31,0.020118394296753328,0.02219169177833491,0.024264989259916485,0.016812796718927336,0.0005613655274276565,-0.0022717138802658358,0.005238260889522153,0.005507287862111075
2007-06-30,-0.005378106874913618,-0.0014990169978608878,0.002380072879191842,-0.01604773443492414,-0.00891183658528324,-0.01066807827672631,-0.01079691443741985,-0.007237613996877671
2007-07-31,-0.0034037872253015918,-0.0027847766597139815,-0.002165766094126371,-0.01482232770892636,0.012773121928047124,0.005238784855266101,-0.002260299503925646,-0.0005923532551555906
2007-08-31,0.02059142748701783,0.02101775896402149,0.02144409044102515,0.01231207466056571,0.01849868702537587,0.0098406251104167,0.010172259682519903,0.009762703846158651
2007-09-30,0.060632927208538856,0.05150557173690973,0.042378216265280606,0.05862421705321218,0.0823230022384463,0.036289619749134375,0.03285557421325584,0.030805455286939985
2007-10-31,0.05600436539833942,0.05473768175746349,0.05347099811658757,0.030350992163607496,0.06990399575434335,0.02460300756821677,0.0200938339778102,0.022876814220987498
2007-11-30,-0.04914867216236226,-0.05038189112329164,-0.05161511008422102,-0.03207315936719553,-0.03864617525144281,-0.0021997534702495204,-0.007996816266910874,-0.01265746607161745
2007-12-31,0.011431565601372373,0.005838564465324665,0.0002455633292769558,0.012060681447081157,0.037383442686277434,0.012342950539873292,0.0053174944630470615,0.006251627044773262
2008-01-31,-0.054280067261159096,-0.07096539491019535,-0.08765072255923159,-0.009798211786076129,0.009988914858425131,0.01636173601978677,-0.0020712108620813165,-0.00846560891973172
2008-02-29,-0.020556590710004378,-0.028032589286837183,-0.03550858786366999,-0.0024003258958535216,0.008736795509982177,0.005546039092367714,-0.002413105894711689,-0.004058833238029035
2008-03-31,-0.005510488431916195,0.0032552328639784047,0.012020954159873004,-0.02425717767153619,-0.02590813533603749,-0.012509502741302452,-0.009383965529454804,-0.006776885390082961
2008-04-30,0.045073877914385746,0.05244906828691347,0.05982425865944119,0.020887135548151456,0.010984025771435677,-0.0038021205606346255,0.007282183450498554,0.010825583883494017
2008-05-31,0.037244382387317816,0.040740422397910425,0.044236462408503034,0.01335141556259832,0.03091586249305195,0.00024966895713120175,0.002465048738000389,0.007945554909541283
2008-06-30,-0.06191686151805048,-0.06769125842222867,-0.07346565532640689,-0.044952421246415145,-0.016022724509622544,-0.003927524136338796,-0.020484404455883204,-0.020713096456464398
2008-07-31,-0.0020207178801728122,0.0009641346743429068,0.003948987228858627,-0.010622667582803889,-0.005408452306510276,-0.0066324004184879475,-0.006577523930804411,-0.004178703166576996
2008-08-31,-0.008883658892731931,0.0003146372947353069,0.00951293348220255,-0.017058033837419852,-0.0463976040016654,-0.01328904729265768,-0.004092858833153077,-0.005284756855872616
2008-09-30,-0.09705084927202878,-0.10732190086930014,-0.11759295246657152,-0.05358489407302795,-0.04412958334929249,-0.01013568361565444,-0.027492067251493425,-0.0313000276916955
2008-10-31,-0.15880354256505208,-0.14161687436383802,-0.124430206162624,-0.16404952120863223,-0.1585040244760993,-0.08545225832441723,-0.09477093957970426,-0.08292357169364398
2008-11-30,-0.05049067260287201,-0.06756606503874918,-0.08464145747462636,-0.01100374652453951,0.021659886358064984,0.044914338593056234,0.019881912273667493,0.006537027573393556
2008-12-31,0.03153060946103727,0.02509583159812731,0.01866105373521735,0.030054838642658097,0.05370445487004515,0.05125012684750432,0.041838864726298025,0.03214253777671351
2009-01-31,-0.020466963606487476,-0.02007827920128725,-0.01968959479608703,-0.04087116363552707,0.02149042513146049,-0.03510367261175415,-0.04739195468494106,-0.02985555860976731
2009-02-28,-0.05158613336590242,-0.047551821682600054,-0.04351750999929769,-0.07087738076093739,-0.014600574125846503,-0.02660020051967384,-0.04265374582001932,-0.03177889543390128
2009-03-31,0.06992365273737376,0.07444611761792641,0.07896858249847906,0.05070616034007133,0.030285818019470084,0.023301986382610967,0.036050614588683,0.03210815979269982
2009-04-30,0.08672341067096644,0.093183535430448,0.09964366018992957,0.059540359614218205,0.037648652733052644,0.0014963544555285455,0.020646514370697734,0.024843160731191197
2009-05-31,0.05413222410584194,0.041263118139865995,0.028394012173890055,0.07161543405994239,0.07191334971140317,0.03204050196507796,0.03288009696368757,0.02871165048756566
2009-06-30,0.0040064884142731565,0.012243217531100987,0.020479946647928814,-0.01611345348849833,-0.016801544995450963,-0.011503770831364588,-0.007422746527136982,-0.004083603971661649
2009-07-31,0.06861239207959004,0.06721062777492325,0.06580886347025647,0.05936371022833867,0.05003368888588876,0.02582121139308322,0.03426120608184137,0.03130398663354874
2009-08-31,0.017144723173438358,0.014867446866266336,0.012590170559094319,0.02601811125784392,0.006669703594939093,0.014205868864724832,0.018726178145786566,0.013391648834689423
2009-09-30,0.05163587637329476,0.047903014808622746,0.04417015324395073,0.04232544478501609,0.05754085920345879,0.028695064029290337,0.028047636740081275,0.026049723132869122
2009-10-31,-0.01279843551917802,-0.01765203455671442,-0.02250563359425082,-0.002289022326676658,0.007887642712565392,-0.0012260541511594555,-0.006292546520753863,-0.005386049079628627
2009-11-30,0.07717445008333611,0.06457491692265929,0.05197538376198248,0.08148418142301274,0.09998473560898818,0.04981058733764532,0.04740531483455731,0.04215884748439252
2009-12-31,0.01650284210218983,0.02699890290908235,0.03749496371597486,-0.008239137175512648,-0.018315029655431674,-0.026874189675964444,-0.016079171573467176,-0.008122321961369531
2010-01-31,-0.04614408612101664,-0.04772169625654596,-0.04929930639207527,-0.02921415605551506,-0.03514789931128336,-0.006381711916288067,-0.011340179009327519,-0.014285757371255077
2010-02-28,0.039404040046238965,0.037613653843899746,0.03582326764156053,0.03166080667813432,0.038503183111892436,0.01519781821404926,0.016983012290508456,0.01686928440985766
2010-03-31,0.05512255282042458,0.05718409535163956,0.059245637882854536,0.041299878883789415,0.030900997705648563,0.009677575388243702,0.019367555984560053,0.019884505215931554
2010-04-30,0.0286966438463378,0.02350875132609531,0.018320858805852817,0.028479400421470118,0.04306935494615138,0.02568783082050751,0.021881087085636384,0.018725118463412495
2010-05-31,-0.05233041827799825,-0.05482868805243481,-0.057326957826871354,-0.04646415086466929,-0.014708125675175678,-0.0012190772221471633,-0.016718630136852916,-0.016771213933966713
2010-06-30,-0.03942476894537964,-0.04258166609303944,-0.04573856324069924,-0.029152856234417206,-0.01252009845168303,0.005476235031427995,-0.005701821809390445,-0.008652531831385677
2010-07-31,0.04435239078889501,0.04986769758800097,0.05538300438710692,0.03254922066061288,0.0025843723586937498,0.0023898391870264372,0.01671752089479743,0.015681563566623567
2010-08-31,-0.02588025388142616,-0.03221820100830737,-0.03855614813518858,-0.014368228781291119,0.010141227762484467,0.021113086336862194,0.007255285870250004,0.0018861534182408515
2010-09-30,0.10271123601309079,0.10215304544731077,0.10159485488153076,0.07701522711239135,0.08411596628786383,0.02880347048994116,0.03831857932690627,0.03972109938498654
2010-10-31,0.05124228203067559,0.05007774284613694,0.048913203661598285,0.037787990557401646,0.048321574082460086,0.009019752403272898,0.012750859536921254,0.016144662097456776
2010-11-30,0.003730399830713474,0.0014465632760130539,-0.0008372732786873659,0.006333893428250279,0.011223965812314779,0.0015858539880670673,0.00033055939005056587,0.0009913211104933578
2010-12-31,0.04728716580808014,0.04292216045822104,0.03855715510836193,0.054107573923654326,0.03441545402824624,0.014759694172912391,0.02338486837105361,0.020779005941239204
2011-01-31,0.006776606426546393,0.013654112169139863,0.020531617911733333,-0.0028292487313375907,-0.023929098133549345,-0.016703480894597392,-0.007027886233262991,-0.004414698218511092
2011-02-28,0.03863257054080356,0.03232128001251494,0.026009989484226323,0.04231102176993088,0.04769647446780578,0.02716970943607253,0.026534663637950623,0.02268188533839531
2011-03-31,0.0011699657065973906,-0.000888450981698829,-0.0029468676699950487,0.0048783590728446995,0.007120362466846784,0.00406478936978444,0.0027222905415107772,0.00198909671171283
2011-04-30,0.04214582833629485,0.03317806629500987,0.024210304253724904,0.04710709105457711,0.06315651672731593,0.03453960702731144,0.030376262876008357,0.026128900618039866
2011-05-31,-0.013204498052973197,-0.011510008553722308,-0.009815519054471417,-0.013225501350569619,-0.015435801041524547,0.00016012248526871622,-0.0009953773341034177,-0.0026897293373022548
2011-06-30,-0.020303834734935404,-0.018209867652698695,-0.016115900570461982,-0.01910604453197578,-0.022562585651424966,-0.015297957319547648,-0.014919239586200065,-0.01256782019654953
2011-07-31,0.022343595765775447,0.017591427402100627,0.012839259038425806,0.011250324524637428,0.05493923807161713,0.025481545207965094,0.014136107721674491,0.014314350837489456
2011-08-31,-0.013604392677443473,-0.025450697252803002,-0.037297001828162535,-0.0016581689202532016,0.04765045582484727,0.03770329264136043,0.016470996510467857,0.010691911520602459
2011-09-30,-0.06549388475800177,-0.05198031479587735,-0.03846674483375293,-0.08178158128435882,-0.0821689082787444,-0.016234265836992775,-0.020912578002140268,-0.022868957466960584
2011-10-31,0.09533368377078483,0.08894978479974687,0.0825658858287089,0.09401626701345131,0.07833012232760861,0.03358957347946067,0.04538037400976361,0.04194956776371594
2011-11-30,-0.01161520639305384,-0.013920947840906441,-0.01622668928875904,0.00215719560692172,-0.0022026696562937997,0.012126469909594675,0.009076184344200343,0.007425257487311513
2011-12-31,-0.02410057571744493,-0.014094123137168924,-0.004087670556892912,-0.02467344133455779,-0.0631155306413628,-0.013562367339622286,-0.004409763355478317,-0.005955892536726449
2012-01-31,0.08128126290678261,0.0753091677655184,0.06933707262425418,0.06664889684066401,0.10106400898126236,0.04387735137426855,0.0405213212638581,0.04287267781881429
2012-02-29,0.03830181962547015,0.046192339690613524,0.0540828597557569,0.02148902335368638,0.010944166864248761,0.005991257382410452,0.014732263871988139,0.020819330126191984
2012-03-31,0.031916176942197644,0.036973641943584164,0.042031106944970684,0.0185518550442012,0.01439058152807617,0.0009914364195422794,0.007509411295834606,0.013501238233115193
2012-04-30,-0.008192841967018059,-0.008654295097857609,-0.00911574822869716,-0.005117091237667479,-0.005903192644142955,0.00813209372051567,0.005821496020270272,0.00216882105749317
2012-05-31,-0.06627042488831883,-0.06477173745005096,-0.06327305001178309,-0.06105303039638931,-0.0664205448859439,-0.022044104712468322,-0.027055457857076814,-0.03557632952634496
2012-06-30,0.03451880520966652,0.03530966193688204,0.03610051866409758,0.03547029525598637,0.029031200047492718,0.02256195637417941,0.025923961111418092,0.029089085325907413
2012-07-31,0.010087189326259514,0.011513650048494554,0.012940110770729596,0.010793768020019018,0.00906895811504933,0.020286256656071568,0.0194152788615059,0.019078381829243048
2012-08-31,0.04461173110029928,0.04294978187260923,0.04128783264491918,0.03235567761244824,0.05045939716416232,0.01738431915234696,0.01703356848851315,0.01954653969720011
2012-09-30,0.021321575954917564,0.016214996687960927,0.011108417421004286,0.031757780371423766,0.03032880375232247,0.015905176983118705,0.01604064891772892,0.015866569007366726
2012-10-31,-0.03900594621430491,-0.040460667738358796,-0.041915389262412686,-0.02157041306576267,-0.03955015109268337,-0.015589200796339797,-0.015292838316608137,-0.018379795218220748
2012-11-30,0.007322485598917291,0.00898920430621081,0.010655923013504329,0.00255921756420482,0.003015731765613335,0.004065246768141614,0.0047821236773121336,0.0051387076545955646
2012-12-31,-0.005580550348699349,-0.0054576767880949294,-0.005334803227490509,-0.0010269053883747402,-0.015782819113846106,-0.011874163076459422,-0.007519605071803884,-0.00837018277142831
2013-01-31,0.02584338271836588,0.029441892222261765,0.03304040172615766,0.03431501008473241,0.008698135114261601,0.02041453647906668,0.027654705079393063,0.03231742157247791
2013-02-28,-0.006178234047331178,8.304359248195205e-05,0.006344321232295081,-0.00632932411433329,-0.027352976038244884,-0.0007689633509165485,0.004397479062778988,0.005529570015891651
2013-03-31,0.027608787492233607,0.029981619938557816,0.03235445238488202,0.0294230621134413,0.018470536189870268,0.02259557292480037,0.026244114561859454,0.02918490852955121
2013-04-30,0.001613978227300944,0.012780908483471274,0.023947838739641604,-0.009238833171140238,-0.031891413485879455,0.004672544725554789,0.011536081988852413,0.013075747333811658
2013-05-31,0.011225837859919286,0.020046052291406047,0.028866266722892806,-0.0020691799726229414,-0.019656658220583198,-0.02015017239816905,-0.009806673472373193,-0.0022079274907134284
2013-06-30,-0.04036050963894652,-0.031185699532948696,-0.022010889426950862,-0.04251760495344141,-0.07307516276713047,-0.04025108998439356,-0.0315642543411978,-0.029139469397296457
2013-07-31,0.0627298564149876,0.061033272194112406,0.059336687973237205,0.0584641333481745,0.06946848393309814,0.039554812901302625,0.040122305569643836,0.04528390586518455
2013-08-31,0.0018540686335304628,-0.004285353190416037,-0.010424775014362536,-0.00538031418091417,0.027796634926345987,-0.0075444258919188205,-0.014852161209029418,-0.015342728179525408
2013-09-30,0.02299759449561918,0.03213572482678041,0.04127385515794166,0.007800894849886508,-0.00620109584836296,0.005088377408168149,0.01271896567056872,0.01673942000344407
2013-10-31,0.0370931236643594,0.04275520492884713,0.04841728619333485,0.03138483439649098,0.019517140808175133,0.028041996136465658,0.033149983740475786,0.03690423703602389
2013-11-30,0.014105730403069774,0.02275165546484546,0.03139758052662115,0.004212921315132071,-0.015872163301065577,-0.0048885059284657015,0.004157829984018956,0.009424517723555728
2013-12-31,0.013647341338797124,0.018963227595257037,0.02427911385171695,0.006764820677911426,-0.008840545343691986,-0.003617759172454327,0.003551420165303278,0.006160410266892184
2014-01-31,-0.011473727214234309,-0.01773538542431907,-0.023997043634403827,-0.014417190767906499,0.011065542304990659,0.0006798773477051379,-0.008017563819357042,-0.0154093747045565
2014-02-28,0.05248185876375104,0.050694844760162755,0.04890783075657449,0.05067197983545815,0.05786293251969642,0.03915390630133143,0.03914088788439689,0.041394439144464015
2014-03-31,-0.0193269525891883,-0.01779174184391372,-0.01625653109863914,-0.003619538532719309,-0.029652474419088512,0.001422564589566618,0.004508299033035191,0.0030551320989995173
2014-04-30,0.0011306331551731187,0.0014407735974690387,0.001750914039764959,0.006346516402730909,0.0014149966300820128,0.012681590490608234,0.01211392658029323,0.011591682905305722
2014-05-31,0.022863245937950756,0.029412000395549632,0.03596075485314851,0.007091176766520591,0.002123515985564761,0.008407789130845687,0.01301376197634237,0.014327614130279838
2014-06-30,0.03561936540959063,0.03171918960811834,0.027819013806646052,0.03340858135495878,0.04935498739325836,0.024191991776440432,0.02151001677165734,0.02260765876099174
2014-07-31,-0.005084364197235983,-0.0006515224129696809,0.0037813193712966167,-0.02030125496317555,-0.015473455446678983,-0.015856109427981456,-0.014449601745762264,-0.013431175858112255
2014-08-31,0.03725403733293788,0.04136613234072912,0.04547822734852036,0.028767415382034835,0.02385065711352164,0.030817940804359248,0.03372533427253287,0.034152634477161124
2014-09-30,-0.0210471995047347,-0.015121863918546079,-0.00919652833235746,-0.028186576679747336,-0.03829599280516444,-0.0258644066262826,-0.02171690122507961,-0.019206416727617383
2014-10-31,0.013169451614278951,0.018482081631905477,0.023794711649532015,0.00732115901916724,-0.005881141860823377,0.010018063379062532,0.014546908950750274,0.014867185147764521
2014-11-30,0.029889628276058667,0.03515256267825829,0.0404154970804579,0.0177657208461243,0.016917648447969426,0.020559210298487347,0.023163225521926657,0.025601992990727733
2014-12-31,-0.009624879138596273,-0.013828351511189312,-0.018031823883782352,0.0021580600045437905,-0.0022674087941301725,0.0070923085492368195,0.0048469162377943915,-0.0006161494051443819
2015-01-31,0.0006742162247914789,-0.010246752452269112,-0.0211677211293297,0.005329279372280362,0.04025533540568274,0.02659603678575744,0.0127893813641319,0.002896367729145106
2015-02-28,0.03932885407397006,0.05206600538209957,0.06480315669022908,0.02162764241017751,-0.002217414450655812,0.0009754590218668206,0.014498955502129188,0.025471441770442707
2015-03-31,-0.02116409484935084,-0.022803021590776084,-0.024441948332201324,-0.01745076601274171,-0.02241751671725825,-0.015458144434921127,-0.015417771200250814,-0.019759892691264127
2015-04-30,0.012279284821707873,0.014146658357186573,0.016014031892665273,0.006382267847972419,0.00737602536043517,-0.0032111205650559526,-0.0007996864827516993,0.003064848480393358
2015-05-31,0.016352391428163828,0.017263692927617993,0.018174994427072166,0.010664907045067699,0.012883926638249093,0.0008878639056620053,0.002858800155988879,0.005457199113393885
2015-06-30,-0.021579390610837197,-0.024575245792762428,-0.027571100974687658,-0.01876693290448021,-0.019353091480892624,-0.029228253774261352,-0.028483159232176446,-0.03018326500765993
2015-07-31,0.01523728783940338,0.02486230593609204,0.0344873240327807,-0.0040506209865023984,-0.0178058372771256,0.0010552460805663506,0.008257729895045729,0.00839312875688514
2015-08-31,-0.04325138328841157,-0.053004522439434876,-0.06275766159045822,-0.03154323156017411,-0.00853005088667113,-0.02266104293397143,-0.032843722045981495,-0.037819670368272704
2015-09-30,-0.022040254815837858,-0.021428632923599956,-0.02081701103136205,-0.023264784516633198,-0.01977006485336797,-0.010962098829662204,-0.013282292920135828,-0.014868961960300933
2015-10-31,0.0865489342591534,0.09589167549686392,0.10523441673457444,0.06639196462552995,0.06217842836642352,0.05100761463675112,0.058987655875101505,0.06926514824762942
2015-11-30,-0.010714104061075008,-0.003437366624289829,0.0038393708124953513,-0.017697717185879355,-0.03564804780682538,-0.016943886316841676,-0.010521117449340745,-0.008434025832247253
2015-12-31,-0.013765717509494142,-0.014132069316225194,-0.014498421122956242,-0.01345164291275443,-0.00946434656061548,-0.008795952921128326,-0.01053031506266053,-0.010593305614326025
2016-01-31,-0.03716777772682181,-0.046792723210093465,-0.056417668693365106,-0.018617636899685215,0.0007581606492891718,0.006574276334068752,-0.006227651391946191,-0.013602437594797269
2016-02-29,0.01554396568535133,0.0038739605560804483,-0.007796044573190429,0.03221290853863782,0.0551971142502,0.03575821086415639,0.02524006955564709,0.02091965630658445
2016-03-31,0.05128095931401951,0.05786101976546105,0.06444108021690258,0.04455747915527227,0.024892635793098222,0.030501243575092478,0.03932992312671619,0.0439012727441431
2016-04-30,-0.0046653017839739155,-0.013529601640416493,-0.022393901496859075,0.01808529600044002,0.015168139305656653,0.011588113880160643,0.008109929538045017,0.0038544227108604813
2016-05-31,0.013909643525769334,0.024116072015738513,0.0343225005057077,-0.0065067561109173715,-0.015882049437152716,-0.00526999345673016,0.0017153251011448349,0.00583221005043921
2016-06-30,0.008528323494829038,-0.000947530364571644,-0.010423384223972319,0.029341538734195458,0.04099323677535357,0.044218423032090406,0.03439824421229071,0.0281559382921204
2016-07-31,0.051383469548697124,0.05575003189614078,0.060116594243584426,0.03148384174076514,0.04221610606647487,0.026716341919566795,0.028818087875809063,0.03262751375273061
2016-08-31,-0.0012990885465119619,0.0025590702574413986,0.006417229061394758,-0.008930735291940398,-0.013916450801961503,-0.010923927376660187,-0.00759677246266588,-0.005932534022041467
2016-09-30,0.013262579491891214,0.014964880442132981,0.01666718139237475,0.0021084260257063954,0.013492453708807427,-0.0010180613925908335,-0.0011691025514556782,0.002198427986087296
2016-10-31,-0.018536443520548285,-0.016874914648957098,-0.015213385777365907,-0.020971006705699898,-0.02300744044106334,-0.025588258187946945,-0.023782743707518803,-0.021279804861114752
2016-11-30,-0.006864284015798196,0.0015096328169901334,0.009883549649778464,0.0007175116109943147,-0.045494162528178256,-0.020055526335751882,-0.006045618001020247,0.0002160167175946897
2016-12-31,0.006855870137994929,0.01010011149443904,0.013344352850883149,0.00844524059010605,-0.00595535010615758,0.005641100673192261,0.009698908690057352,0.011375063464921672
2017-01-31,0.04363851600483168,0.041087942126087164,0.03853736824734266,0.028784006708786742,0.05298359584432903,0.018334403204736498,0.01617902043439336,0.016759114106111177
2017-02-28,0.04001709198335297,0.040691502840457604,0.041365913697562234,0.03705839629021071,0.03700156120992616,0.03089250431831729,0.03239308405048941,0.03391144532445587
2017-03-31,0.01011381430947084,0.011863598474876199,0.013613382640281557,-0.00040833330280495004,0.006351007498429745,-0.003820835091878904,-0.00292140994175763,-0.001290934189714754
2017-04-30,0.0207335599708555,0.020987945750535447,0.021242331530215396,0.012128550714914338,0.02159863416428022,0.010885069120991919,0.010282155067038563,0.010558874159685459
2017-05-31,0.023910927667834765,0.028266567017189267,0.03262220636654376,0.009506374584578009,0.016171327184009016,0.012281125104689995,0.013340222587716225,0.016160150062098033
2017-06-30,-0.015433745366365671,-0.01632934174582251,-0.017224938125279345,-0.002004016695698191,-0.02225878144881533,-0.002318339277229793,0.00018921792856046494,-0.0033683007835987027
2017-07-31,0.03175266067026167,0.033108448272086685,0.0344642358739117,0.02132721289092029,0.030701374415353998,0.01419667430042492,0.01493300914234724,0.018266169127894357
2017-08-31,0.02095666856976639,0.018517847993692285,0.016079027417618175,0.014638929863577,0.032785480975245404,0.018488300968705736,0.014295074265522905,0.012932571227611486
2017-09-30,-0.003941040834606884,-3.330936754058437e-05,0.0038744220995257156,0.003994788371732042,-0.02038552490490732,-0.0002604944302616718,0.005425001434368323,0.00798509639769458
2017-10-31,0.02865827749340166,0.035267866035659234,0.04187745457791682,0.01424936463492217,0.015701833571600654,0.014230646169605943,0.017268888151147365,0.023235194170487986
2017-11-30,0.018875570112713506,0.021641413644197853,0.024407257175682207,0.022465100084755947,0.010558054401784077,0.022117967658508153,0.024816585893759548,0.027197199180209734
2017-12-31,0.010860950661820606,0.009412145885010825,0.007963341108201046,0.014806667849860329,0.014550737086921183,0.015799727721469984,0.014843124760077835,0.013751132610067112
2018-01-31,0.0676191283647596,0.07205873412852039,0.07649833989228118,0.04915636440155079,0.05626017084957778,0.028043016608488965,0.033143939970930444,0.04137414615277822
2018-02-28,-0.020509163732205474,-0.021716066130687793,-0.022922968529170112,-0.03168043136566605,-0.017368672707769275,-0.03686098353136909,-0.037834029348419215,-0.03866257479293432
2018-03-31,-0.02707992391057658,-0.031941387443170294,-0.036802850975764,-0.01729110691670295,-0.01407787957790178,-0.0073205513966548424,-0.011883520856963392,-0.0177826227711297
2018-04-30,0.0018741918366663762,0.001695434946628286,0.001516678056590196,0.0007557227847550798,-0.003218775177940611,-0.008796704822873574,-0.0063010545352111536,-0.006370531094231033
2018-05-31,0.03351267191944324,0.03974519238546043,0.045977712851477635,0.013428419921327279,0.01778288316599953,0.012560459229820405,0.015928491071838306,0.01921944623611248
2018-06-30,-0.0004462144753681514,0.004435405603142218,0.009317025681652588,-0.006819001221503531,-0.015538587400252959,-0.0041617588055506555,-0.0006757441853513717,0.0006491890017849946
2018-07-31,0.019150198264388574,0.025028342467652714,0.03090648667091685,0.01920685054536969,-0.0006032544727007025,0.013518850753549408,0.019928713448287685,0.02453849184474205
2018-08-31,0.033913786673299064,0.04093053835029438,0.047947290027289695,0.015929459854413016,0.012907334051427364,0.012032414257108683,0.017365611504217036,0.020929126922928462
2018-09-30,-0.0014600610415947892,-0.0004335258495800987,0.0005930093424345916,0.002179607475266949,-0.004965960184029835,-0.0028259557339006276,-0.0008554929799257874,0.0016594425141528719
2018-10-31,-0.05817032237368367,-0.06788085687566801,-0.07759139137765236,-0.042014260696300966,-0.025201622223772355,-0.03517975531838459,-0.04432404665987078,-0.04887020715690449
2018-11-30,0.0039780633050553954,0.004888169348290675,0.005798275391525956,0.01400078128744705,0.000772952988280857,0.01894454678183704,0.01984282787264357,0.0199224235525929
2018-12-31,-0.05704158126215999,-0.06997079541854898,-0.08290000957493794,-0.046808237469985026,-0.00947967632008349,-0.020205626941782684,-0.036589674038183986,-0.047793259661441115
2019-01-31,0.07412406641072772,0.07828804140303085,0.08245201639533398,0.06470597853906317,0.055383624313420976,0.04523217842769557,0.052469521822698345,0.05702417935701694
2019-02-28,0.022617026669381472,0.027031274345887573,0.031445522022393674,0.02086339680417802,0.00949761937055347,0.015156363360257889,0.01963842483741697,0.0241885903747677
2019-03-31,0.02181209993664831,0.026391736432553155,0.030971372928458005,0.00787957818604953,0.007938934181089218,0.01510424934403902,0.01705718688182798,0.01592224566191753
2019-04-30,0.03789873147736992,0.04319016963854191,0.048481607799713895,0.026604966405594767,0.020047670594231477,0.013401539552262998,0.019549185414731884,0.0247693087563848
2019-05-31,-0.05566995129057443,-0.06687369497501149,-0.07807743865944854,-0.03936747858762139,-0.025650458379984212,-0.0183935147256093,-0.029077872041668576,-0.042813586515422136
2019-06-30,0.07523051390341544,0.07429703452951197,0.07336355515560848,0.07271937747235008,0.07824159240985801,0.05767882330074488,0.058816111431557246,0.06275387044044131
2019-07-31,0.016170572019082962,0.018644102913996447,0.021117633808909936,0.01060595636261482,0.010152137444837213,0.009076707167118668,0.010701813155734884,0.012805650963014566
2019-08-31,0.003153850060803239,-0.006281137093689079,-0.015716124248181397,0.012016593030936912,0.03663794046038622,0.03572409144462429,0.02354031030691933,0.01356562918515929
2019-09-30,0.0022607112125165706,0.008424358857488951,0.01458800650246133,0.0034363184928565705,-0.015274057835340473,0.0014325953338363735,0.006899030735002071,0.012221947939831543
2019-10-31,0.034380471003650194,0.035337384778870065,0.03629429855408996,0.023163975942574837,0.033501100704469045,0.013332310180954012,0.014303806434337934,0.017612929623764872
2019-11-30,0.02355845812777194,0.030044471637671728,0.03653048514757152,0.015712894896010562,-0.0005721845971624895,0.008248412332051303,0.015490293334856148,0.018761351921020825
2019-12-31,0.03590454251896804,0.03551353809203803,0.03512253366510802,0.03130662674999793,0.037556747711611216,0.015925478010681764,0.017367668896000346,0.021637556446362415
2020-01-31,0.02590190074273738,0.02272005220447582,0.019538203666214258,0.01321598875386289,0.038669485476408555,0.02273346006879474,0.016936527423275186,0.01182007070046771
2020-02-29,-0.053295359000233244,-0.06014976059694373,-0.06700416219365421,-0.05732468422213514,-0.029835700119741695,-0.03363931901159132,-0.04396062574058883,-0.055036864225779226
2020-03-31,-0.07032207660012743,-0.07769406744940655,-0.08506605829868569,-0.08807693421563416,-0.03280877754316588,-0.05439384132647971,-0.0705794982372011,-0.08062961829960588
2020-04-30,0.12708107832848076,0.1347010302925024,0.14232098225652406,0.11067163824970624,0.10600654373140272,0.0883318859845865,0.0965442205546852,0.1074312733023751
2020-05-31,0.05258996670513921,0.05553013204374853,0.058470297382357844,0.04111631125811239,0.04325667054941512,0.025040826731361272,0.02920901555699073,0.03450742240074794
2020-06-30,0.043775910199246,0.04408534856958962,0.04439478693993324,0.020627082859575,0.042744096616976514,0.007793935144135735,0.008293800476839704,0.009540188612454883
2020-07-31,0.07739866098034673,0.07336020420151994,0.06932174742269312,0.0735959696202792,0.09299237514053235,0.06622823237104956,0.06270055249774192,0.06364386321495796
2020-08-31,0.07474461570982055,0.08415345514749256,0.09356229458516459,0.04788705361680977,0.04555621467882612,0.020293422123683853,0.03072535796690548,0.041728482820685656
2020-09-30,-0.049164911836549086,-0.050484523547678635,-0.051804135258808184,-0.03872476653788506,-0.04867347046064869,-0.027895832175739054,-0.029025857788583197,-0.03373324732373944
2020-10-31,-0.023514192206390873,-0.02316654964133388,-0.022818907076276887,-0.019011900956978238,-0.016129577335067737,-0.013781370666378412,-0.015937333508514718,-0.012541855044127182
2020-11-30,0.07479205271167476,0.09371757561926124,0.1126430985268477,0.05991813205728692,0.017940805256962462,0.054862055128087686,0.07089620907975691,0.0830013738784251
2020-12-31,0.05067534976344083,0.046960317721556386,0.04324528567967193,0.04697532680831388,0.06099605391920221,0.030017094897881146,0.02919297646219344,0.031234533925283435
2021-01-31,-0.008254776839982915,-0.004654791328870855,-0.0010548058177587954,-0.01680482961763681,-0.017147314498575966,-0.02100647841721234,-0.018356010207618303,-0.014792770757608213
2021-02-28,-0.007521401829518881,0.0018786281136562886,0.011278658056831457,0.0006933547539556099,-0.03605468776918338,-0.003772492450944416,0.005654019146178496,0.014141072058008231
2021-03-31,0.017933337582301756,0.024427368335077276,0.030921399087852797,0.0283494853048653,0.0009510006066892861,0.020417814947282387,0.02731262615146736,0.03669699402627549
2021-04-30,0.0523891552439004,0.05165243434639968,0.050915713448898954,0.04772749955628311,0.04579396356229887,0.033780652602543836,0.03693886215218161,0.03583988852907467
2021-05-31,0.012167522643988276,0.005851514138196047,-0.0004644943675961811,0.027631330394504376,0.038335168157410573,0.029895411368176385,0.023482378539619077,0.024233861079445394
2021-06-30,0.0230712225179174,0.032535402297759176,0.04199958207760096,-0.005743709243473061,-0.013412298424295633,-0.007424486988575911,0.0008826740552807088,-0.0001367103133509684
2021-07-31,0.026831489080357245,0.0253694035922772,0.02390731810419716,0.024677974515817477,0.026731439840729312,0.02229063686850579,0.022295486474093,0.01955319257160509
2021-08-31,0.029630471408072307,0.03303878323769662,0.03644709506732094,0.020602289644528378,0.017832741918511565,0.012463157625524506,0.016317330532908333,0.01918765625804473
2021-09-30,-0.04886375296313239,-0.05111582574438097,-0.05336789852562955,-0.04229445791202226,-0.04288536218572203,-0.03864377225933574,-0.040462328456293176,-0.042649376330786457
2021-10-31,0.06247550785252342,0.06624806060636267,0.07002061336020189,0.053553655531957574,0.04244114883102925,0.03910676168733936,0.04590711018808956,0.047430606934202035
2021-11-30,0.007056421606295807,0.008495488928696317,0.009934556251096825,-0.00769468243057027,0.0047336943753463956,-0.0035588864266683402,-0.004440509637641112,-0.00569473382312006
2021-12-31,0.02492730065524372,0.02547143625780477,0.02601557186036582,0.042270735488470774,0.023695467202709493,0.03622883697209894,0.038708415278627284,0.04341147238936374
2022-01-31,-0.06323780746003176,-0.06776611077371325,-0.07229441408739473,-0.041955052830452165,-0.04739321548598316,-0.03362783897135197,-0.037769819533985255,-0.039516334885462655
2022-02-28,-0.017634094890578714,-0.027213415064697224,-0.03679273523881573,-0.002296775466518037,0.015329249717949373,-0.001212679135567894,-0.009564386682137865,-0.012110692941634256
2022-03-31,0.03693706714939547,0.03956662902633921,0.04219619090328295,0.030130853777402728,0.027427415201682005,0.009287421527453866,0.014473616859388468,0.021120390978180727
2022-04-30,-0.09855434856529921,-0.105422565156318,-0.11229078174733678,-0.06764918491876487,-0.07060815581552736,-0.05924589194169132,-0.06595395635591557,-0.06546715611843187
2022-05-31,-0.015020061990874852,-0.00967079099834281,-0.004321520005810769,-0.00820452155428003,-0.02536295881719792,-0.0013198702831639549,0.0014217785695909788,0.006508449691686355
2022-06-30,-0.07127199450255521,-0.07832358136662013,-0.08537516823068504,-0.06242021682782164,-0.04745013638638362,-0.04992667142395921,-0.05783093449850972,-0.06394975214601578
2022-07-31,0.08385200645054344,0.09369208769145974,0.10353216893237602,0.056696807741251326,0.03967408197055143,0.03299634743726317,0.046501209103038676,0.04961418216713397
2022-08-31,-0.04387628594380217,-0.04471234512141212,-0.045548404299022086,-0.0373913229595626,-0.03891095489009316,-0.03515029295798754,-0.03632410576280897,-0.03551341745339418
2022-09-30,-0.08530393540757071,-0.09112201825022952,-0.09694010109288835,-0.07337672633452805,-0.061994941078140166,-0.06925463703899618,-0.07543021265418187,-0.0760822497437119
2022-10-31,0.03759234740292342,0.046463896070865214,0.05533544473880701,0.05153952147468524,0.007201603453393194,0.0348963171131469,0.046858436735878695,0.057859827601835376
2022-11-30,0.06196407373376238,0.060292605924022094,0.05862113811428182,0.06438975902776294,0.07215509765245079,0.06996244657231471,0.06664530455073507,0.06669910924431662
2022-12-31,-0.05573197324082067,-0.06620838282688184,-0.07668479241294299,-0.031547805305935,-0.022412328072425367,-0.025035389164060826,-0.03375699787496823,-0.03865461033962232
2023-01-31,0.08479968706787844,0.0854729931203698,0.08614629917286117,0.06129883859591206,0.07873886209892472,0.052520652537684356,0.053668138540722866,0.051839070376344686
2023-02-28,-0.02000124069191317,-0.015799090623945397,-0.011596940555977629,-0.03370263654752378,-0.03199214741597614,-0.03958961317192074,-0.03623217887398459,-0.033051178124041854
2023-03-31,0.07699630813413488,0.07381733026613593,0.07063835239813697,0.04970284271230664,0.0859878926663942,0.03644857546915508,0.0338080738358851,0.03213802498405051
2023-04-30,0.008582720516604019,0.0058243096538033385,0.0030658987910026584,0.013769501813349799,0.007088699548940711,0.004575464498227399,0.006232628087678529,0.0030762108479707993
2023-05-31,0.03998591367110636,0.04464370763671037,0.049301501602314377,-0.0007945533830106899,0.026527836118655352,-0.020405233495540527,-0.0165732497231489,-0.012270548450314736
2023-06-30,0.04472328495032415,0.052086763834089,0.05945024271785386,0.038695657786975535,0.014700480836496983,0.02629771918450902,0.03592081487305946,0.03992407803165439
2023-07-31,0.03367694465052157,0.036161231346676585,0.0386455180428316,0.029779293744025256,0.029690984979122443,0.020278479293287424,0.02268770677831409,0.02858038773597725
2023-08-31,-0.014733967633776228,-0.014807543230338602,-0.01488111882690097,-0.0152096290672056,-0.013666317140083447,-0.018300748953511085,-0.018154701735434053,-0.016857463226345383
2023-09-30,-0.049255293329087506,-0.04903497799585708,-0.04881466266262664,-0.04748598449986695,-0.04898839359618044,-0.05289193192202689,-0.052017534440534766,-0.049463943423616125
2023-10-31,-0.00015479382207395087,-0.011237543393385624,-0.02232029296469729,0.006921284740092031,0.032858102094971454,-0.009810914762016584,-0.016405291964131236,-0.01760133780672509
2023-11-30,0.085744626107628,0.091200953346735,0.09665728058584203,0.07153474281695703,0.06119831007126851,0.06858597555411369,0.07467430465821781,0.07325280382342969
2023-12-31,0.04384545423351799,0.0498897445159085,0.055934034798299004,0.03580511035006386,0.03146120014580765,0.05137674441646718,0.052397177147988125,0.05330082309931958
2024-01-31,0.010493230528031694,0.012287101812749725,0.014080973097467756,0.00688007503106774,-0.00019019926209945873,-0.004006387571282707,0.00012957143445013015,0.001625289439666014
2024-02-29,0.04205248647349668,0.04349710045098125,0.04494171442846582,0.03789990870938601,0.025464454220927486,0.014533453130362393,0.021799112076050252,0.02344895254847642
2024-03-31,0.03400310176037512,0.02719066933687775,0.020378236913380376,0.04889626947236717,0.05467000385102392,0.0423801138797053,0.03844210887473335,0.03805499377055114
2024-04-30,-0.02668403057320414,-0.0345297938022494,-0.042375557031294656,-0.01925522451454666,-0.001988011069356782,-0.029496574528725346,-0.03454233547939053,-0.034918868443588005
2024-05-31,0.04881113008896183,0.05033828529979326,0.05186544051062469,0.040262444109942674,0.03581663981712612,0.02877169244743103,0.033159724976051755,0.03246982901268345
2024-06-30,0.042815383021075834,0.04486125766426695,0.046907132307458056,0.02429203900961657,0.0272519023676643,0.009491524391234525,0.014339268235928519,0.013248279765337753
2024-07-31,0.0059411334695716415,0.003883472758779821,0.001825812047988002,0.024577974586130848,0.023165790160841578,0.04187935134976253,0.03627843369008715,0.03740266058853038
2024-08-31,0.01629484179268901,0.01533124727127411,0.014367652749859208,0.022632677966534807,0.01664279196343739,0.02234074825676402,0.022611106923578636,0.021602499099922488
2024-09-30,0.030341100020922537,0.02577338004769639,0.02120566007447025,0.029969811892010027,0.04020530237432376,0.022231822074906843,0.020299084456051924,0.01776513860998017
2024-10-31,0.0026451806808111926,-0.0014371684923706863,-0.005519517665552566,0.00665160318315926,0.02063347986378246,-0.002829715964822633,-0.006077425648287502,-0.0023495451650552323
2024-11-30,0.03639460325816131,0.04351126031200238,0.05062791736584344,0.032370959967497705,0.0054552060814339436,0.02456766645049188,0.03385377579702229,0.03566044655167529
2024-12-31,-0.006708089204826983,-0.009060289685488963,-0.011412490166150943,-0.02106862505387397,-0.006022183691968368,-0.042196356066829026,-0.040669353271098954,-0.040573551214648056
2025-01-31,0.033108444901885956,0.027667367204019466,0.02222628950615297,0.03915625154390448,0.04784192369152768,0.029960683368772664,0.027401327495671583,0.026712847563011306
2025-02-28,-0.013494526071652666,-0.014198933357027512,-0.014903340642402365,-0.0034214813959266496,-0.0013774244870302082,0.02096068151653073,0.015148035587383974,0.013289693749031987
2025-03-31,-0.033354092166795926,-0.04596305953251865,-0.058572026898241376,-0.010663676136098046,0.020713958628595125,0.00366014236241826,-0.01157859174213148,-0.013316050854093693
2025-04-30,0.017169373829098205,0.006354993842077126,-0.004459386144943954,0.01020415516845808,0.03680480774790345,-0.013427172963144596,-0.016776940487259584,-0.023748105198079714
2025-05-31,0.06069990525166258,0.0677061013444584,0.07471229743725422,0.03948574510602463,0.02880088403827976,0.010496972614777243,0.021835095707048266,0.027426803124420487
